0,1,2,3,4,5,6,7,8,9,10,11,12
3011.0,13.0,46.0,2758.714285714286,14.571428571428571,34.714285714285715,283.0,0.0,2.0,1.26,1.2899999999999998,-0.020000000000000018,62.04
7633.0,29.0,95.0,7075.571428571428,27.142857142857142,73.28571428571429,194.0,-8.0,-29.0,0.97,0.9714285714285714,-0.010000000000000009,75.0
4394.0,72.0,72.0,3410.285714285714,61.142857142857146,65.0,-53.0,-7.0,11.0,1.1,1.0357142857142858,0.039999999999999813,78.7
6521.0,39.0,60.0,5302.857142857143,48.0,61.285714285714285,258.0,-14.0,-8.0,1.24,1.23,-0.040000000000000036,56.48
1844.0,4.0,20.0,1668.4285714285713,3.5714285714285716,18.0,373.0,-2.0,6.0,1.16,1.1714285714285713,-0.010000000000000009,48.15
108.0,21.0,34.0,180.71428571428572,29.285714285714285,33.57142857142857,90.0,12.0,-20.0,1.08,0.9771428571428571,-0.1200000000000001,71.3
925.0,2.0,5.0,663.8571428571429,2.7142857142857144,6.285714285714286,-128.0,-2.0,4.0,1.28,1.342857142857143,-0.050000000000000044,50.93
6396.0,22.0,58.0,5095.571428571428,34.714285714285715,74.0,-422.0,1.0,0.0,1.1,1.1014285714285714,-0.010000000000000009,75.0
5634.0,89.0,92.0,5709.285714285715,76.42857142857143,85.14285714285714,457.0,-35.0,-5.0,1.0,0.9942857142857144,0.0,65.74
76.0,2.0,3.0,80.71428571428571,2.4285714285714284,3.2857142857142856,-26.0,4.0,0.0,0.94,0.9242857142857143,0.030000000000000027,59.26
182.0,32.0,16.0,178.57142857142858,18.285714285714285,10.428571428571429,-6.0,-4.0,-7.0,0.48,0.7157142857142856,0.0,71.3
62.0,2.0,1.0,75.85714285714286,2.5714285714285716,2.7142857142857144,15.0,1.0,-1.0,1.05,0.9557142857142856,0.1399999999999999,39.81
6070.0,48.0,82.0,5257.428571428572,61.0,86.28571428571429,-682.0,-27.0,-15.0,1.01,0.9571428571428572,0.010000000000000009,65.74
514.0,84.0,84.0,512.4285714285714,88.28571428571429,87.28571428571429,-39.0,14.0,1.0,0.69,0.7342857142857142,0.0,78.7
188.0,13.0,9.0,172.42857142857142,20.714285714285715,22.428571428571427,-12.0,10.0,1.0,0.88,1.0014285714285716,0.0,71.3
8838.0,64.0,54.0,7228.428571428572,49.0,65.28571428571429,242.0,-11.0,23.0,1.14,1.1657142857142857,-0.019999999999999796,56.48
184.0,11.0,5.0,193.42857142857142,9.285714285714286,6.571428571428571,-20.0,-9.0,-2.0,0.96,1.1285714285714286,-0.15999999999999992,62.96
10264.0,56.0,80.0,9692.857142857143,48.42857142857143,95.71428571428571,855.0,31.0,26.0,0.85,0.85,0.010000000000000009,62.04
2357.0,5.0,32.0,2039.5714285714287,5.142857142857143,24.142857142857142,187.0,11.0,-7.0,1.21,1.1771428571428568,0.06000000000000005,48.15
210.0,9.0,5.0,187.0,6.857142857142857,4.428571428571429,-31.0,-5.0,4.0,0.75,1.0557142857142856,-0.020000000000000018,62.96
144.0,0.0,3.0,100.42857142857143,-0.14285714285714285,0.7142857142857143,41.0,0.0,-1.0,1.29,1.2242857142857144,-0.020000000000000018,39.81
654.0,4.0,5.0,604.2857142857143,2.4285714285714284,6.0,271.0,-2.0,0.0,1.33,1.3628571428571428,-0.050000000000000044,50.93
7984.0,16.0,85.0,7165.285714285715,23.428571428571427,72.0,130.0,13.0,-5.0,1.08,1.0885714285714285,-0.010000000000000009,62.04
3967.0,21.0,30.0,3322.5714285714284,11.857142857142858,38.285714285714285,36.0,-16.0,-6.0,1.18,1.2457142857142858,-0.030000000000000027,62.04
9080.0,28.0,78.0,10468.57142857143,72.42857142857143,82.14285714285714,-1665.0,16.0,12.0,0.91,0.8957142857142857,-0.010000000000000009,78.7
73.0,0.0,3.0,79.14285714285714,2.142857142857143,3.142857142857143,3.0,2.0,0.0,0.94,0.9285714285714286,0.0,59.26
1974.0,7.0,12.0,1466.5714285714287,3.0,13.714285714285714,-87.0,-5.0,21.0,1.2,1.197142857142857,-0.010000000000000009,50.93
73.0,1.0,1.0,67.71428571428571,3.142857142857143,1.8571428571428572,-37.0,0.0,-1.0,1.45,1.1942857142857142,-0.020000000000000018,39.81
2217.0,2.0,26.0,1799.4285714285713,3.5714285714285716,20.571428571428573,28.0,8.0,6.0,1.15,1.167142857142857,0.010000000000000009,48.15
1066.0,83.0,110.0,1009.7142857142857,135.28571428571428,160.28571428571428,-316.0,-16.0,-35.0,0.72,0.7471428571428572,-0.020000000000000018,78.7
8651.0,55.0,92.0,8714.285714285714,40.285714285714285,94.42857142857143,1551.0,-28.0,17.0,0.87,0.9385714285714286,-0.020000000000000018,62.04
4997.0,48.0,49.0,4638.571428571428,41.57142857142857,60.142857142857146,-883.0,-15.0,11.0,1.11,1.0557142857142858,0.029999999999999805,75.0
102.0,5.0,6.0,152.71428571428572,15.857142857142858,8.571428571428571,-16.0,5.0,3.0,0.82,0.5871428571428572,0.14,62.96
8457.0,34.0,75.0,8236.142857142857,54.0,72.14285714285714,-1824.0,52.0,-9.0,1.0,1.1057142857142856,-0.050000000000000044,56.48
163.0,0.0,3.0,150.42857142857142,0.2857142857142857,1.0,28.0,0.0,-4.0,1.4,1.3028571428571427,0.030000000000000027,39.81
744.0,2.0,7.0,582.4285714285714,2.4285714285714284,5.571428571428571,-90.0,2.0,-2.0,1.35,1.3785714285714286,-0.020000000000000018,50.93
10202.0,27.0,109.0,9002.857142857143,42.142857142857146,100.14285714285714,141.0,-1.0,-32.0,0.85,0.9128571428571429,-0.020000000000000018,62.04
7633.0,106.0,100.0,9076.0,68.57142857142857,100.57142857142857,-668.0,-19.0,-2.0,0.93,0.8742857142857142,0.029999999999999916,65.74
510.0,3.0,7.0,510.0,3.857142857142857,11.714285714285714,-3.0,-1.0,2.0,1.29,1.1742857142857142,0.08999999999999986,50.93
7628.0,31.0,66.0,7188.142857142857,22.285714285714285,73.14285714285714,-806.0,-15.0,-7.0,1.01,0.9785714285714285,0.030000000000000027,75.0
6612.0,54.0,78.0,7383.428571428572,107.0,84.57142857142857,-1196.0,-4.0,-19.0,0.94,0.8885714285714286,-0.019999999999999907,78.7
146.0,14.0,27.0,193.28571428571428,34.0,33.714285714285715,-38.0,7.0,7.0,1.13,0.9342857142857144,-0.04999999999999982,71.3
11168.0,28.0,75.0,11275.57142857143,62.42857142857143,84.42857142857143,-1358.0,86.0,8.0,0.84,0.8957142857142857,0.010000000000000009,78.7
127.0,-2.0,1.0,94.28571428571429,-0.14285714285714285,0.5714285714285714,17.0,2.0,2.0,1.29,1.227142857142857,0.0,39.81
3700.0,39.0,57.0,4220.285714285715,65.42857142857143,71.57142857142857,-512.0,-12.0,-20.0,0.97,0.9428571428571428,-0.030000000000000027,82.41
5924.0,46.0,70.0,5716.142857142857,31.0,64.42857142857143,201.0,-13.0,2.0,1.06,1.0814285714285714,0.0,75.0
317.0,86.0,89.0,381.57142857142856,86.0,73.85714285714286,-85.0,-50.0,-62.0,0.83,0.7428571428571428,0.0,78.7
77.0,3.0,0.0,71.14285714285714,2.5714285714285716,2.142857142857143,-2.0,-1.0,4.0,1.19,0.9957142857142857,0.14000000000000012,39.81
4272.0,106.0,99.0,5492.142857142857,85.57142857142857,74.85714285714286,1258.0,-20.0,-26.0,0.88,0.9328571428571429,-0.010000000000000009,78.7
7067.0,17.0,73.0,5830.428571428572,46.857142857142854,61.285714285714285,-921.0,54.0,-2.0,1.16,1.2142857142857142,-0.020000000000000018,56.48
507.0,2.0,9.0,506.0,3.5714285714285716,10.428571428571429,-6.0,2.0,-7.0,1.38,1.2099999999999997,0.06000000000000005,50.93
1300.0,2.0,8.0,1116.4285714285713,1.8571428571428572,10.285714285714286,79.0,0.0,16.0,1.18,1.247142857142857,-0.030000000000000027,50.93
5011.0,32.0,53.0,4471.0,49.857142857142854,61.57142857142857,102.0,33.0,0.0,1.01,1.002857142857143,0.030000000000000027,78.7
8114.0,29.0,80.0,7396.0,24.285714285714285,76.42857142857143,68.0,-15.0,-11.0,1.07,1.08,-0.040000000000000036,62.04
1083.0,166.0,625.0,1038.0,129.28571428571428,519.0,-57.0,-18.0,-123.0,0.69,0.7285714285714285,0.030000000000000027,78.7
6779.0,25.0,52.0,5473.428571428572,48.285714285714285,58.285714285714285,288.0,-8.0,21.0,1.2,1.2228571428571429,-0.040000000000000036,56.48
5971.0,13.0,66.0,4837.0,16.571428571428573,53.142857142857146,528.0,10.0,-17.0,1.13,1.1314285714285715,0.0,62.04
4669.0,20.0,63.0,4578.714285714285,49.42857142857143,60.714285714285715,-907.0,1.0,3.0,1.05,1.012857142857143,0.010000000000000009,78.7
1104.0,132.0,529.0,951.7142857142857,84.57142857142857,356.42857142857144,-220.0,-39.0,-22.0,0.76,0.7314285714285714,-0.010000000000000009,78.7
969.0,147.0,308.0,990.7142857142857,153.57142857142858,368.0,244.0,1.0,-71.0,0.78,0.7585714285714287,-0.050000000000000044,78.7
6373.0,17.0,53.0,5537.285714285715,18.571428571428573,60.0,472.0,-5.0,5.0,1.11,1.1185714285714285,-0.030000000000000027,62.04
4754.0,50.0,86.0,5577.857142857143,92.14285714285714,74.57142857142857,-482.0,56.0,13.0,0.9,0.9385714285714286,-0.020000000000000018,78.7
131.0,20.0,5.0,170.42857142857142,20.0,9.714285714285714,54.0,-15.0,3.0,0.52,0.6071428571428571,0.05999999999999994,71.3
210.0,15.0,11.0,146.57142857142858,10.571428571428571,8.571428571428571,-27.0,-9.0,-8.0,1.05,0.8014285714285715,0.08999999999999986,62.96
163.0,0.0,2.0,132.42857142857142,0.14285714285714285,1.4285714285714286,5.0,3.0,-2.0,1.28,1.2514285714285713,0.050000000000000044,39.81
103.0,6.0,9.0,157.14285714285714,18.857142857142858,9.142857142857142,-1.0,-1.0,-3.0,0.67,0.5671428571428572,0.1499999999999999,62.96
7287.0,32.0,74.0,6596.428571428572,20.714285714285715,65.85714285714286,504.0,-3.0,0.0,1.07,1.1014285714285714,0.010000000000000009,62.04
1019.0,78.0,315.0,710.1428571428571,51.142857142857146,237.42857142857142,153.0,34.0,34.0,0.72,0.7442857142857143,0.020000000000000018,78.7
366.0,1.0,6.0,307.42857142857144,1.2857142857142858,5.0,6.0,-1.0,0.0,1.12,1.2214285714285713,-0.07000000000000006,39.81
5874.0,58.0,53.0,5008.285714285715,50.857142857142854,62.57142857142857,647.0,-19.0,7.0,1.24,1.2328571428571427,0.0,56.48
7783.0,19.0,70.0,6670.428571428572,18.857142857142858,83.71428571428571,-148.0,21.0,35.0,1.03,1.04,-0.010000000000000009,75.0
125.0,10.0,15.0,195.42857142857142,34.285714285714285,35.0,21.0,4.0,12.0,1.08,0.8828571428571428,0.04999999999999982,71.3
1213.0,148.0,237.0,1009.2857142857143,151.0,312.57142857142856,122.0,-33.0,-12.0,0.73,0.7642857142857142,-0.030000000000000027,78.7
5414.0,88.0,76.0,5298.0,77.85714285714286,79.71428571428571,-523.0,-58.0,-16.0,0.92,0.8985714285714285,0.0,82.41
191.0,5.0,29.0,96.57142857142857,1.2857142857142858,4.142857142857143,-36.0,-3.0,-8.0,1.25,1.5614285714285714,-0.09000000000000008,53.7
426.0,3.0,5.0,394.2857142857143,0.8571428571428571,6.0,175.0,-3.0,-4.0,0.97,1.1185714285714285,-0.010000000000000009,39.81
5272.0,31.0,66.0,4577.714285714285,35.857142857142854,69.0,50.0,19.0,14.0,1.08,1.1257142857142857,0.010000000000000009,75.0
734.0,189.0,188.0,1086.2857142857142,126.57142857142857,198.85714285714286,327.0,-8.0,-6.0,0.76,0.72,0.010000000000000009,78.7
4989.0,36.0,63.0,4163.285714285715,16.0,46.42857142857143,833.0,-23.0,-13.0,1.11,1.1557142857142857,0.010000000000000009,62.04
486.0,3.0,2.0,465.0,1.2857142857142858,4.857142857142857,91.0,-3.0,5.0,0.98,1.0071428571428571,-0.020000000000000018,39.81
71.0,0.0,1.0,62.285714285714285,1.2857142857142858,1.4285714285714286,-18.0,-2.0,-3.0,1.21,1.3799999999999997,-0.06000000000000005,39.81
5320.0,7.0,56.0,6901.571428571428,22.0,71.28571428571429,221.0,13.0,48.0,1.08,1.002857142857143,0.0,75.0
9804.0,50.0,117.0,10018.0,53.714285714285715,98.42857142857143,-1121.0,-11.0,-8.0,0.86,0.8442857142857143,0.0,62.04
4565.0,62.0,92.0,3732.5714285714284,58.142857142857146,66.85714285714286,109.0,-45.0,-50.0,1.03,1.07,-0.030000000000000027,78.7
4526.0,30.0,78.0,4483.571428571428,38.57142857142857,61.142857142857146,-692.0,-2.0,-11.0,1.14,1.1199999999999999,-0.029999999999999805,75.0
4013.0,61.0,66.0,3949.1428571428573,62.285714285714285,61.57142857142857,180.0,4.0,3.0,0.94,0.9528571428571428,0.020000000000000018,82.41
270.0,28.0,27.0,243.85714285714286,43.142857142857146,37.857142857142854,-70.0,25.0,8.0,0.84,0.7999999999999999,0.07000000000000006,71.3
11931.0,84.0,85.0,9990.42857142857,62.714285714285715,77.85714285714286,286.0,-30.0,20.0,0.9,0.9814285714285714,-0.020000000000000018,78.7
5914.0,85.0,92.0,5436.714285714285,69.0,80.71428571428571,-501.0,-42.0,4.0,0.99,0.9928571428571429,-0.030000000000000027,65.74
457.0,0.0,8.0,507.42857142857144,4.0,10.571428571428571,117.0,2.0,-4.0,1.15,1.0885714285714285,-0.010000000000000009,50.93
7593.0,16.0,63.0,6194.571428571428,30.571428571428573,63.285714285714285,-628.0,-1.0,5.0,1.07,1.0685714285714287,-0.030000000000000027,75.0
7253.0,16.0,91.0,7355.285714285715,22.0,73.14285714285714,375.0,15.0,-25.0,0.98,0.9714285714285714,0.030000000000000027,75.0
9884.0,29.0,81.0,8037.571428571428,51.57142857142857,71.85714285714286,-1427.0,5.0,-6.0,1.06,1.1285714285714286,-0.06000000000000005,56.48
601.0,0.0,5.0,548.5714285714286,2.4285714285714284,5.857142857142857,143.0,2.0,2.0,1.36,1.3828571428571428,-0.010000000000000009,50.93
2713.0,38.0,29.0,2385.285714285714,13.0,28.571428571428573,282.0,-30.0,8.0,1.35,1.2314285714285713,-0.020000000000000018,48.15
5560.0,49.0,79.0,6543.285714285715,31.428571428571427,69.57142857142857,2002.0,-25.0,0.0,0.98,1.0414285714285716,-0.020000000000000018,75.0
8102.0,60.0,91.0,9551.0,47.0,100.0,2162.0,-4.0,-11.0,0.83,0.8585714285714285,0.020000000000000018,62.04
176.0,8.0,26.0,124.28571428571429,2.4285714285714284,10.857142857142858,102.0,-4.0,17.0,1.04,1.3471428571428572,-0.08000000000000007,53.7
4674.0,17.0,42.0,3907.8571428571427,57.285714285714285,64.14285714285714,-512.0,15.0,23.0,1.0,1.0485714285714285,-0.020000000000000018,78.7
4193.0,65.0,69.0,3882.5714285714284,59.714285714285715,62.42857142857143,128.0,-5.0,23.0,0.96,0.9557142857142856,0.030000000000000027,82.41
247.0,2.0,3.0,197.14285714285714,1.1428571428571428,2.857142857142857,95.0,-2.0,2.0,1.24,1.3285714285714287,0.010000000000000009,39.81
1235.0,144.0,156.0,1050.2857142857142,135.42857142857142,181.14285714285714,-95.0,-2.0,-27.0,0.77,0.7357142857142858,-0.020000000000000018,78.7
1542.0,2.0,15.0,1233.142857142857,2.0,13.857142857142858,211.0,4.0,-1.0,1.15,1.2242857142857144,0.020000000000000018,50.93
519.0,1.0,4.0,457.14285714285717,1.0,5.0,-33.0,2.0,-2.0,0.97,1.0385714285714285,0.010000000000000009,39.81
5645.0,73.0,93.0,5257.714285714285,66.71428571428571,91.0,288.0,-22.0,-29.0,0.96,0.9557142857142857,0.030000000000000027,65.74
4162.0,32.0,65.0,4101.0,58.0,67.0,-365.0,62.0,-6.0,0.98,1.03,-0.010000000000000009,78.7
8165.0,46.0,93.0,7930.714285714285,26.142857142857142,79.85714285714286,578.0,13.0,8.0,0.95,1.0385714285714287,-0.019999999999999907,62.04
415.0,5.0,15.0,510.0,4.571428571428571,12.0,156.0,3.0,4.0,1.16,1.127142857142857,0.050000000000000044,50.93
779.0,2.0,10.0,574.0,1.2857142857142858,5.0,-125.0,0.0,-1.0,0.91,0.9557142857142856,0.0,39.81
5413.0,43.0,96.0,5400.857142857143,68.85714285714286,81.0,-583.0,1.0,-10.0,0.96,0.987142857142857,-0.029999999999999916,65.74
2810.0,27.0,45.0,3444.714285714286,59.285714285714285,63.42857142857143,-109.0,59.0,13.0,1.11,1.1071428571428572,-0.040000000000000036,78.7
7375.0,46.0,74.0,6023.571428571428,31.428571428571427,62.57142857142857,218.0,-30.0,-11.0,1.07,1.072857142857143,0.0,75.0
6563.0,63.0,72.0,8189.428571428572,90.42857142857143,93.85714285714286,-225.0,88.0,20.0,0.84,0.9228571428571428,0.0,78.7
2245.0,10.0,32.0,1923.142857142857,4.714285714285714,21.714285714285715,112.0,-5.0,0.0,1.16,1.1685714285714286,0.050000000000000044,48.15
86.0,10.0,9.0,137.85714285714286,15.142857142857142,8.857142857142858,123.0,3.0,3.0,0.96,0.6442857142857142,0.050000000000000044,62.96
655.0,120.0,100.0,800.1428571428571,115.42857142857143,112.42857142857143,0.0,-54.0,-25.0,0.77,0.7414285714285713,-0.020000000000000018,78.7
7502.0,170.0,112.0,9602.714285714286,82.71428571428571,88.42857142857143,1896.0,-58.0,-17.0,0.92,0.9142857142857144,0.029999999999999916,78.7
5606.0,61.0,73.0,4989.571428571428,54.42857142857143,66.0,268.0,-3.0,-20.0,1.23,1.23,0.010000000000000009,56.48
4362.0,63.0,48.0,4400.571428571428,55.57142857142857,63.0,649.0,-31.0,5.0,0.99,1.0071428571428571,0.020000000000000018,78.7
485.0,1.0,10.0,368.7142857142857,0.7142857142857143,5.714285714285714,-59.0,2.0,-5.0,1.0,1.157142857142857,-0.030000000000000027,39.81
5822.0,13.0,50.0,4530.428571428572,16.0,46.857142857142854,149.0,0.0,16.0,1.12,1.1414285714285715,0.009999999999999787,62.04
7415.0,44.0,90.0,9932.42857142857,74.71428571428571,84.28571428571429,87.0,126.0,22.0,0.9,0.9042857142857142,0.020000000000000018,78.7
508.0,5.0,11.0,514.5714285714286,4.428571428571429,10.285714285714286,-51.0,-5.0,-3.0,1.14,1.0642857142857143,0.010000000000000009,50.93
7743.0,113.0,103.0,9143.0,62.0,99.28571428571429,-110.0,-7.0,-3.0,0.89,0.86,0.040000000000000036,62.04
232.0,36.0,27.0,359.57142857142856,70.42857142857143,66.85714285714286,223.0,48.0,12.0,0.83,0.7599999999999999,-0.010000000000000009,78.7
4830.0,44.0,86.0,5422.285714285715,69.57142857142857,85.57142857142857,-528.0,42.0,-7.0,0.93,0.9785714285714286,-0.010000000000000009,65.74
5744.0,85.0,70.0,5276.0,79.14285714285714,75.85714285714286,-330.0,3.0,6.0,0.9,0.9057142857142857,0.020000000000000018,78.7
5743.0,83.0,77.0,5096.571428571428,63.57142857142857,70.71428571428571,-1284.0,-24.0,-8.0,1.22,1.082857142857143,0.040000000000000036,56.48
53.0,-2.0,-2.0,64.57142857142857,0.42857142857142855,0.8571428571428571,53.0,3.0,7.0,1.15,1.3414285714285712,0.010000000000000009,39.81
1335.0,115.0,225.0,1053.4285714285713,146.28571428571428,273.0,-19.0,17.0,-36.0,0.7,0.7614285714285715,-0.010000000000000009,78.7
6026.0,26.0,79.0,4944.142857142857,37.42857142857143,72.14285714285714,370.0,-4.0,-21.0,1.1,1.1099999999999999,0.0,75.0
91.0,1.0,3.0,115.71428571428571,4.428571428571429,3.0,-26.0,-1.0,-1.0,1.02,0.9057142857142857,-0.050000000000000044,59.26
239.0,2.0,4.0,161.71428571428572,8.142857142857142,7.714285714285714,-74.0,1.0,1.0,1.26,0.9871428571428572,0.040000000000000036,62.96
4659.0,83.0,63.0,4766.857142857143,68.42857142857143,72.71428571428571,-309.0,-27.0,-1.0,0.94,0.9171428571428571,0.030000000000000027,82.41
7099.0,173.0,103.0,7694.714285714285,96.42857142857143,92.14285714285714,2528.0,-88.0,-16.0,0.85,0.897142857142857,0.040000000000000036,78.7
6675.0,20.0,68.0,7124.857142857143,23.142857142857142,90.57142857142857,10.0,11.0,10.0,1.06,1.0457142857142858,-0.030000000000000027,75.0
76.0,8.0,0.0,123.14285714285714,4.571428571428571,3.4285714285714284,15.0,-7.0,3.0,1.03,0.8642857142857142,-0.010000000000000009,59.26
5170.0,54.0,50.0,5302.428571428572,59.285714285714285,77.0,-1244.0,36.0,31.0,1.02,0.9785714285714285,0.030000000000000027,56.48
4909.0,74.0,74.0,5291.571428571428,58.714285714285715,73.0,-439.0,1.0,-10.0,1.1,1.0214285714285716,0.05999999999999983,56.48
8218.0,17.0,91.0,6931.285714285715,21.285714285714285,88.85714285714286,-1543.0,3.0,-23.0,1.04,1.0485714285714285,0.020000000000000018,75.0
205.0,1.0,5.0,177.28571428571428,0.7142857142857143,1.8571428571428572,18.0,3.0,1.0,1.26,1.3471428571428572,-0.020000000000000018,39.81
8601.0,36.0,57.0,8551.42857142857,85.0,92.28571428571429,-1203.0,11.0,50.0,0.93,0.9357142857142858,-0.050000000000000044,78.7
1753.0,6.0,14.0,1366.0,2.4285714285714284,13.428571428571429,221.0,1.0,-2.0,1.17,1.2100000000000002,0.030000000000000027,50.93
4302.0,86.0,79.0,5370.142857142857,67.85714285714286,86.28571428571429,307.0,-4.0,25.0,0.92,0.97,0.010000000000000009,65.74
7992.0,17.0,84.0,7818.285714285715,24.571428571428573,82.42857142857143,173.0,29.0,9.0,0.99,1.0557142857142858,-0.040000000000000036,62.04
797.0,0.0,9.0,702.4285714285714,2.7142857142857144,6.0,167.0,1.0,-3.0,1.23,1.3228571428571432,-0.010000000000000009,50.93
4579.0,7.0,59.0,3704.4285714285716,11.571428571428571,39.42857142857143,-51.0,14.0,21.0,1.12,1.1957142857142855,-0.010000000000000009,62.04
6685.0,31.0,78.0,7288.285714285715,24.714285714285715,86.85714285714286,-1299.0,-5.0,-2.0,1.03,1.0385714285714287,0.0,75.0
335.0,69.0,44.0,389.42857142857144,83.0,77.0,-136.0,-43.0,-2.0,0.76,0.7171428571428571,0.040000000000000036,78.7
12217.0,54.0,105.0,10438.57142857143,62.857142857142854,81.85714285714286,815.0,-22.0,-6.0,0.88,0.9471428571428572,-0.020000000000000018,78.7
8720.0,61.0,71.0,6805.0,48.142857142857146,65.14285714285714,118.0,3.0,-17.0,1.14,1.18,0.0,56.48
6499.0,23.0,49.0,5198.714285714285,16.857142857142858,55.857142857142854,-126.0,-6.0,4.0,1.13,1.1242857142857143,-0.019999999999999796,62.04
777.0,234.0,292.0,997.8571428571429,151.71428571428572,387.85714285714283,192.0,-87.0,16.0,0.81,0.7457142857142857,-0.030000000000000027,78.7
5386.0,26.0,76.0,7151.142857142857,25.142857142857142,77.71428571428571,3348.0,-13.0,14.0,1.03,1.0342857142857143,0.0,75.0
4667.0,98.0,74.0,6217.428571428572,80.71428571428571,90.0,740.0,-24.0,-2.0,0.98,0.9800000000000001,0.010000000000000009,65.74
8182.0,14.0,69.0,7654.428571428572,23.857142857142858,78.71428571428571,-190.0,3.0,15.0,1.03,1.0685714285714287,-0.040000000000000036,62.04
4609.0,82.0,104.0,5256.142857142857,69.0,90.85714285714286,1036.0,-9.0,-11.0,0.93,0.9614285714285715,0.029999999999999916,65.74
99.0,1.0,1.0,79.0,0.0,1.5714285714285714,4.0,0.0,-5.0,1.21,1.2685714285714285,0.050000000000000044,39.81
3561.0,83.0,67.0,4051.0,63.285714285714285,61.714285714285715,452.0,-22.0,-1.0,0.93,0.9500000000000001,0.009999999999999898,82.41
8286.0,29.0,89.0,9507.142857142857,55.857142857142854,100.14285714285714,-543.0,84.0,14.0,0.87,0.8514285714285714,0.020000000000000018,62.04
13032.0,32.0,99.0,10888.285714285714,63.285714285714285,84.42857142857143,-1864.0,-4.0,-24.0,0.86,0.9185714285714287,-0.020000000000000018,78.7
5469.0,18.0,48.0,5536.0,32.285714285714285,68.42857142857143,-567.0,14.0,10.0,1.07,1.0885714285714287,-0.010000000000000009,75.0
4902.0,32.0,58.0,5623.0,28.857142857142858,63.857142857142854,1022.0,14.0,12.0,1.06,1.0842857142857143,0.0,75.0
6086.0,122.0,69.0,6865.428571428572,98.0,78.57142857142857,380.0,-33.0,7.0,0.93,0.9228571428571429,0.019999999999999907,78.7
103.0,1.0,-4.0,87.71428571428571,0.2857142857142857,0.8571428571428571,24.0,-3.0,5.0,1.26,1.2428571428571427,0.030000000000000027,39.81
133.0,26.0,10.0,189.85714285714286,20.142857142857142,11.0,57.0,-11.0,-3.0,0.68,0.8300000000000001,-0.12,71.3
5336.0,41.0,45.0,4504.0,37.142857142857146,59.0,-810.0,-11.0,33.0,1.16,1.1071428571428572,-0.020000000000000018,75.0
3361.0,88.0,77.0,3606.8571428571427,61.0,65.28571428571429,1157.0,-16.0,-14.0,1.05,1.1114285714285714,-0.010000000000000009,78.7
7562.0,24.0,79.0,6777.285714285715,28.285714285714285,70.85714285714286,1236.0,5.0,-13.0,0.96,1.0271428571428571,0.0,75.0
3917.0,86.0,71.0,5041.0,71.85714285714286,76.71428571428571,809.0,-18.0,-4.0,0.91,0.9014285714285714,0.010000000000000009,82.41
9627.0,85.0,87.0,7687.0,93.14285714285714,85.0,-1503.0,2.0,-3.0,0.89,0.8857142857142858,0.030000000000000027,78.7
4293.0,56.0,90.0,4538.428571428572,38.285714285714285,66.57142857142857,979.0,-25.0,-24.0,1.09,1.1300000000000001,-0.010000000000000009,75.0
964.0,1.0,6.0,774.1428571428571,2.0,6.142857142857143,176.0,1.0,2.0,1.22,1.3042857142857145,0.020000000000000018,50.93
7242.0,118.0,89.0,8050.857142857143,77.42857142857143,100.71428571428571,-571.0,-45.0,32.0,0.99,0.9085714285714285,0.020000000000000018,65.74
2221.0,25.0,39.0,3759.714285714286,57.57142857142857,66.14285714285714,-477.0,58.0,17.0,1.02,0.9842857142857142,0.010000000000000009,78.7
6671.0,73.0,121.0,7603.285714285715,80.71428571428571,101.28571428571429,-1007.0,-29.0,-27.0,1.01,0.9299999999999999,-0.010000000000000009,65.74
245.0,18.0,22.0,293.7142857142857,54.857142857142854,44.57142857142857,-84.0,-2.0,14.0,0.78,0.812857142857143,-0.010000000000000009,78.7
155.0,2.0,21.0,110.14285714285714,1.5714285714285714,7.142857142857143,21.0,6.0,5.0,1.16,1.455714285714286,-0.11999999999999988,53.7
69.0,2.0,0.0,81.71428571428571,2.2857142857142856,3.142857142857143,4.0,-2.0,3.0,0.95,0.9400000000000001,-0.010000000000000009,59.26
161.0,16.0,36.0,288.2857142857143,53.42857142857143,43.714285714285715,35.0,38.0,-1.0,0.77,0.8085714285714285,0.010000000000000009,71.3
7827.0,21.0,66.0,7399.428571428572,23.142857142857142,71.42857142857143,-574.0,-5.0,25.0,0.96,0.9685714285714285,0.020000000000000018,75.0
904.0,164.0,336.0,980.7142857142857,144.57142857142858,524.0,320.0,-49.0,-83.0,0.75,0.7242857142857142,0.020000000000000018,78.7
6718.0,10.0,55.0,7042.0,22.428571428571427,68.71428571428571,-890.0,24.0,11.0,0.98,0.9857142857142858,0.0,75.0
209.0,8.0,8.0,186.28571428571428,19.428571428571427,14.428571428571429,-76.0,18.0,2.0,0.73,0.8871428571428572,-0.04999999999999993,71.3
5828.0,34.0,66.0,6879.571428571428,25.142857142857142,68.42857142857143,1805.0,-5.0,29.0,0.98,0.9771428571428571,-0.010000000000000009,75.0
12779.0,75.0,95.0,9548.57142857143,59.857142857142854,73.42857142857143,-848.0,9.0,-10.0,0.91,1.0157142857142856,-0.010000000000000009,78.7
734.0,5.0,6.0,535.5714285714286,2.857142857142857,6.142857142857143,-133.0,-5.0,-1.0,1.36,1.372857142857143,0.0,50.93
185.0,5.0,8.0,172.28571428571428,19.142857142857142,9.0,-82.0,1.0,1.0,0.58,0.5757142857142857,0.09000000000000008,71.3
507.0,3.0,6.0,634.0,2.142857142857143,7.857142857142857,-25.0,-3.0,-1.0,0.98,0.9342857142857143,0.020000000000000018,39.81
6633.0,86.0,66.0,8305.714285714286,56.142857142857146,71.42857142857143,4536.0,-8.0,0.0,0.95,1.0785714285714285,-0.019999999999999907,71.3
1224.0,115.0,253.0,997.8571428571429,142.14285714285714,484.57142857142856,-272.0,-14.0,7.0,0.77,0.7257142857142858,0.020000000000000018,78.7
1140.0,2.0,8.0,832.1428571428571,1.5714285714285714,6.428571428571429,-317.0,1.0,9.0,1.24,1.2871428571428574,0.030000000000000027,50.93
82.0,2.0,6.0,85.71428571428571,3.2857142857142856,3.2857142857142856,28.0,1.0,-2.0,0.89,0.9600000000000001,0.020000000000000018,59.26
5530.0,86.0,73.0,5412.714285714285,80.42857142857143,75.42857142857143,244.0,3.0,12.0,0.87,0.9242857142857143,0.010000000000000009,78.7
3926.0,90.0,81.0,5248.714285714285,59.857142857142854,77.28571428571429,983.0,-16.0,-7.0,1.05,0.9971428571428571,0.050000000000000044,56.48
6965.0,87.0,98.0,8604.714285714286,73.0,103.14285714285714,277.0,31.0,-9.0,0.96,0.8899999999999999,0.030000000000000027,65.74
5774.0,89.0,85.0,5313.857142857143,80.42857142857143,76.71428571428571,-30.0,-4.0,-15.0,0.88,0.9142857142857144,0.020000000000000018,78.7
852.0,80.0,341.0,623.0,42.57142857142857,204.0,167.0,-2.0,-26.0,0.71,0.7614285714285713,0.010000000000000009,78.7
601.0,0.0,1.0,431.2857142857143,0.8571428571428571,5.428571428571429,-82.0,1.0,3.0,0.96,1.0771428571428572,0.010000000000000009,39.81
110.0,3.0,4.0,85.0,3.142857142857143,4.0,-19.0,0.0,1.0,0.91,0.9585714285714287,0.020000000000000018,59.26
1316.0,132.0,189.0,1112.2857142857142,141.71428571428572,252.0,-142.0,-38.0,7.0,0.69,0.7528571428571429,0.010000000000000009,78.7
9080.0,53.0,77.0,7594.0,51.0,67.71428571428571,804.0,-24.0,4.0,1.12,1.1485714285714284,-0.06000000000000005,56.48
372.0,0.0,6.0,331.2857142857143,1.1428571428571428,5.142857142857143,113.0,1.0,4.0,1.05,1.1914285714285715,-0.050000000000000044,39.81
52.0,2.0,-2.0,55.142857142857146,2.7142857142857144,1.2857142857142858,-10.0,-3.0,3.0,1.45,1.42,-0.010000000000000009,39.81
1270.0,3.0,10.0,939.0,2.142857142857143,8.571428571428571,-39.0,-2.0,-4.0,1.29,1.2657142857142856,0.0,50.93
9681.0,108.0,137.0,9201.57142857143,86.57142857142857,95.0,-1498.0,-11.0,-60.0,0.97,0.9328571428571429,0.0,78.7
168.0,3.0,0.0,141.28571428571428,0.42857142857142855,0.7142857142857143,-5.0,-3.0,3.0,1.33,1.2757142857142856,0.06999999999999984,39.81
2701.0,86.0,58.0,3581.4285714285716,59.714285714285715,63.714285714285715,660.0,2.0,19.0,1.07,1.112857142857143,-0.020000000000000018,78.7
3294.0,13.0,48.0,2892.5714285714284,15.714285714285714,37.0,-42.0,0.0,-1.0,1.24,1.2942857142857143,-0.020000000000000018,62.04
2995.0,8.0,37.0,2549.714285714286,13.571428571428571,31.0,-81.0,-2.0,1.0,1.33,1.2557142857142856,-0.040000000000000036,48.15
7676.0,23.0,56.0,6731.857142857143,21.142857142857142,84.28571428571429,542.0,-6.0,35.0,1.03,1.0485714285714285,0.010000000000000009,75.0
534.0,30.0,145.0,312.85714285714283,13.714285714285714,74.14285714285714,103.0,0.0,57.0,0.81,0.9442857142857143,-0.020000000000000018,61.11
179.0,4.0,9.0,186.42857142857142,6.571428571428571,5.285714285714286,-36.0,-2.0,-3.0,0.73,0.9971428571428572,0.0,62.96
50.0,6.0,3.0,78.71428571428571,2.5714285714285716,3.4285714285714284,12.0,-4.0,-2.0,0.97,0.9328571428571429,0.08000000000000007,59.26
101.0,0.0,2.0,57.285714285714285,1.4285714285714286,1.2857142857142858,-30.0,0.0,-1.0,1.31,1.4114285714285715,-0.10000000000000009,39.81
9398.0,112.0,95.0,9461.285714285714,83.85714285714286,88.57142857142857,283.0,-4.0,42.0,0.95,0.9242857142857143,0.020000000000000018,78.7
475.0,98.0,85.0,465.14285714285717,86.28571428571429,81.85714285714286,-30.0,-4.0,12.0,0.69,0.7228571428571428,0.030000000000000027,78.7
6091.0,54.0,87.0,5544.857142857143,67.28571428571429,84.85714285714286,-177.0,31.0,5.0,1.0,0.9957142857142858,-0.010000000000000009,65.74
81.0,1.0,3.0,53.285714285714285,1.5714285714285714,1.1428571428571428,20.0,-1.0,-1.0,1.4,1.4314285714285713,-0.08999999999999986,39.81
11499.0,89.0,92.0,11435.0,72.14285714285714,90.42857142857143,-12.0,9.0,-5.0,0.91,0.8742857142857142,0.029999999999999916,78.7
6528.0,66.0,76.0,6360.142857142857,48.142857142857146,65.42857142857143,2192.0,-5.0,-5.0,1.14,1.1928571428571428,0.0,56.48
196.0,54.0,35.0,271.0,48.857142857142854,36.0,31.0,-2.0,17.0,0.78,0.8014285714285715,0.020000000000000018,71.3
3188.0,27.0,37.0,4101.857142857143,63.714285714285715,62.285714285714285,373.0,56.0,30.0,0.94,0.947142857142857,-0.009999999999999898,82.41
348.0,15.0,94.0,221.14285714285714,7.571428571428571,46.0,61.0,3.0,-13.0,0.88,1.0771428571428572,-0.040000000000000036,61.11
1379.0,2.0,24.0,1175.7142857142858,2.0,12.857142857142858,163.0,0.0,-9.0,1.15,1.237142857142857,0.0,50.93
489.0,3.0,4.0,571.4285714285714,2.2857142857142856,6.857142857142857,63.0,3.0,14.0,1.03,0.9600000000000001,0.040000000000000036,50.93
577.0,4.0,6.0,603.1428571428571,1.7142857142857142,6.285714285714286,59.0,-2.0,5.0,0.91,0.9400000000000001,0.020000000000000018,39.81
4726.0,68.0,67.0,4926.142857142857,69.28571428571429,75.85714285714286,-67.0,15.0,-4.0,0.92,0.9085714285714285,0.019999999999999907,82.41
552.0,6.0,18.0,556.8571428571429,2.857142857142857,8.142857142857142,-23.0,4.0,-8.0,1.07,0.982857142857143,0.030000000000000027,50.93
8183.0,97.0,77.0,8729.57142857143,86.42857142857143,93.57142857142857,418.0,-61.0,-20.0,0.97,0.937142857142857,-0.039999999999999925,78.7
708.0,138.0,124.0,955.5714285714286,131.42857142857142,127.71428571428571,179.0,-15.0,13.0,0.74,0.7385714285714285,0.030000000000000027,78.7
290.0,19.0,109.0,188.71428571428572,5.571428571428571,32.57142857142857,58.0,-4.0,-15.0,0.92,1.1557142857142857,-0.040000000000000036,61.11
1887.0,2.0,33.0,1560.2857142857142,3.142857142857143,17.571428571428573,-43.0,2.0,-13.0,1.19,1.1828571428571428,-0.030000000000000027,50.93
5322.0,50.0,80.0,4750.285714285715,38.285714285714285,71.85714285714286,704.0,-24.0,-1.0,1.09,1.1185714285714285,0.010000000000000009,75.0
4669.0,32.0,77.0,4447.0,37.0,64.57142857142857,667.0,9.0,-32.0,1.16,1.0914285714285714,0.0,75.0
3252.0,13.0,47.0,2993.714285714286,15.285714285714286,40.142857142857146,573.0,-4.0,-25.0,1.22,1.2871428571428571,-0.020000000000000018,62.04
200.0,53.0,35.0,226.85714285714286,40.57142857142857,37.857142857142854,-11.0,-26.0,10.0,0.91,0.8128571428571428,0.08999999999999997,71.3
3447.0,23.0,61.0,3360.5714285714284,59.0,62.57142857142857,-637.0,4.0,-16.0,1.15,1.0942857142857143,-0.039999999999999813,78.7
6261.0,15.0,61.0,6449.285714285715,29.0,66.57142857142857,-701.0,34.0,18.0,1.01,1.052857142857143,-0.030000000000000027,75.0
5974.0,23.0,58.0,5302.428571428572,33.714285714285715,71.14285714285714,-505.0,-5.0,-10.0,1.09,1.0942857142857143,-0.020000000000000018,75.0
455.0,84.0,39.0,351.14285714285717,70.42857142857143,60.42857142857143,-136.0,-13.0,-4.0,0.82,0.7785714285714286,0.0,78.7
1140.0,142.0,129.0,1025.142857142857,136.85714285714286,172.57142857142858,-74.0,-59.0,-19.0,0.75,0.7442857142857143,-0.030000000000000027,78.7
529.0,10.0,10.0,550.0,3.7142857142857144,8.714285714285714,6.0,-6.0,8.0,1.1,1.01,0.029999999999999805,50.93
400.0,43.0,65.0,691.4285714285714,109.57142857142857,106.0,-229.0,5.0,23.0,0.73,0.75,-0.010000000000000009,78.7
845.0,175.0,722.0,1005.0,109.0,459.57142857142856,174.0,-41.0,-275.0,0.71,0.7357142857142858,-0.020000000000000018,78.7
8683.0,39.0,109.0,9801.0,55.42857142857143,98.42857142857143,-397.0,-10.0,-20.0,0.86,0.8457142857142858,0.010000000000000009,62.04
7398.0,47.0,107.0,8311.142857142857,87.71428571428571,96.42857142857143,-835.0,16.0,-35.0,0.88,0.9314285714285715,-0.040000000000000036,78.7
4528.0,21.0,80.0,3921.1428571428573,12.714285714285714,44.285714285714285,461.0,15.0,-17.0,1.11,1.1742857142857142,0.0,62.04
172.0,11.0,13.0,177.28571428571428,20.285714285714285,17.142857142857142,37.0,-3.0,-5.0,0.8,0.9442857142857143,-0.07000000000000006,71.3
5407.0,74.0,72.0,5899.428571428572,76.14285714285714,86.0,227.0,15.0,20.0,0.99,0.9885714285714285,0.010000000000000009,65.74
8743.0,59.0,101.0,8138.714285714285,30.0,83.71428571428571,528.0,-13.0,9.0,0.93,1.0185714285714285,-0.020000000000000018,62.04
6346.0,23.0,140.0,6676.714285714285,19.142857142857142,83.14285714285714,1437.0,-4.0,-70.0,1.06,1.03,-0.030000000000000027,75.0
5416.0,50.0,59.0,7219.571428571428,105.14285714285714,82.71428571428571,-544.0,102.0,38.0,0.92,0.9,0.0,78.7
4114.0,33.0,60.0,4510.428571428572,41.714285714285715,61.142857142857146,555.0,-1.0,17.0,1.14,1.0742857142857143,0.020000000000000018,75.0
1061.0,181.0,182.0,1064.5714285714287,131.28571428571428,191.0,174.0,-37.0,-26.0,0.77,0.7257142857142858,0.0,78.7
7378.0,35.0,111.0,6268.142857142857,21.285714285714285,64.28571428571429,-91.0,-3.0,-37.0,1.07,1.1071428571428572,0.0,62.04
61.0,6.0,1.0,67.71428571428571,3.0,2.142857142857143,12.0,-5.0,0.0,1.43,1.1214285714285714,0.020000000000000018,39.81
4075.0,61.0,72.0,3864.4285714285716,56.57142857142857,65.71428571428571,-141.0,-13.0,-14.0,1.02,0.9642857142857143,0.010000000000000009,82.41
6338.0,151.0,92.0,8023.142857142857,87.71428571428571,91.0,761.0,22.0,11.0,0.84,0.9114285714285714,0.010000000000000009,78.7
462.0,6.0,5.0,512.2857142857143,3.2857142857142856,8.0,272.0,-1.0,1.0,1.35,1.3514285714285712,0.010000000000000009,50.93
9271.0,46.0,110.0,8350.142857142857,32.42857142857143,88.85714285714286,725.0,-1.0,2.0,0.91,0.9942857142857143,-0.020000000000000018,62.04
189.0,27.0,45.0,212.57142857142858,35.42857142857143,36.0,-64.0,-17.0,-30.0,1.0,0.8400000000000001,0.08000000000000007,71.3
811.0,63.0,265.0,551.0,33.285714285714285,168.71428571428572,41.0,17.0,76.0,0.71,0.7857142857142857,0.0,78.7
342.0,0.0,5.0,222.71428571428572,1.1428571428571428,3.142857142857143,-4.0,0.0,2.0,1.25,1.3071428571428572,-0.010000000000000009,39.81
190.0,15.0,7.0,188.71428571428572,17.571428571428573,10.0,-8.0,17.0,9.0,0.56,0.7728571428571429,-0.08000000000000007,71.3
42.0,-1.0,1.0,50.42857142857143,2.2857142857142856,0.8571428571428571,39.0,2.0,2.0,1.44,1.4357142857142855,-0.040000000000000036,39.81
6009.0,94.0,76.0,6111.714285714285,99.57142857142857,75.85714285714286,-749.0,3.0,-27.0,0.96,0.937142857142857,0.010000000000000009,78.7
4194.0,66.0,61.0,3430.1428571428573,62.57142857142857,62.142857142857146,-747.0,-43.0,0.0,1.16,1.0771428571428572,-0.010000000000000009,78.7
508.0,0.0,3.0,512.2857142857143,3.4285714285714284,8.428571428571429,19.0,0.0,8.0,1.42,1.2914285714285714,-0.04999999999999982,50.93
5113.0,65.0,53.0,4526.285714285715,52.142857142857146,58.857142857142854,-176.0,-25.0,31.0,1.04,1.002857142857143,0.010000000000000009,78.7
1744.0,83.0,56.0,3500.1428571428573,57.57142857142857,64.57142857142857,1439.0,-4.0,10.0,1.03,0.9985714285714286,0.030000000000000027,78.7
6822.0,16.0,59.0,7101.285714285715,22.428571428571427,71.14285714285714,-1502.0,-9.0,-3.0,1.04,0.9885714285714285,0.040000000000000036,75.0
199.0,26.0,42.0,360.7142857142857,80.57142857142857,73.71428571428571,118.0,60.0,47.0,0.8,0.7271428571428571,0.029999999999999916,78.7
2914.0,6.0,38.0,2649.285714285714,14.142857142857142,32.714285714285715,97.0,7.0,8.0,1.29,1.2757142857142856,-0.030000000000000027,48.15
176.0,23.0,10.0,170.57142857142858,20.142857142857142,17.428571428571427,-4.0,-12.0,3.0,0.88,0.9842857142857142,-0.07999999999999996,71.3
4921.0,66.0,59.0,4827.285714285715,56.42857142857143,64.71428571428571,685.0,-5.0,14.0,1.22,1.22,0.010000000000000009,56.48
9996.0,45.0,112.0,8637.57142857143,36.57142857142857,92.71428571428571,-1345.0,10.0,-20.0,0.89,0.9671428571428572,-0.020000000000000018,62.04
630.0,0.0,6.0,532.0,1.1428571428571428,5.0,149.0,2.0,4.0,0.94,0.9685714285714285,-0.029999999999999916,39.81
91.0,3.0,5.0,82.71428571428571,3.142857142857143,3.142857142857143,-22.0,-1.0,-5.0,0.93,0.9514285714285714,0.019999999999999907,59.26
5541.0,20.0,104.0,6860.571428571428,20.0,76.71428571428571,805.0,3.0,36.0,1.08,1.0171428571428571,-0.020000000000000018,75.0
183.0,6.0,3.0,154.0,8.571428571428571,8.285714285714286,56.0,-4.0,1.0,1.14,0.8899999999999999,0.1200000000000001,62.96
1087.0,1.0,17.0,1044.5714285714287,1.5714285714285714,10.428571428571429,213.0,1.0,-9.0,1.24,1.2542857142857144,-0.06000000000000005,50.93
164.0,2.0,3.0,187.0,7.714285714285714,5.285714285714286,46.0,7.0,2.0,0.8,1.0985714285714285,-0.050000000000000044,62.96
3797.0,94.0,59.0,4257.571428571428,59.142857142857146,67.14285714285714,565.0,-31.0,-11.0,0.97,1.0157142857142858,0.020000000000000018,78.7
1172.0,112.0,349.0,801.2857142857143,62.857142857142854,266.57142857142856,-13.0,-19.0,105.0,0.74,0.7342857142857142,0.020000000000000018,78.7
11169.0,78.0,66.0,8968.714285714286,57.857142857142854,70.0,1610.0,-3.0,29.0,0.93,1.0485714285714287,-0.020000000000000018,78.7
3825.0,9.0,22.0,3143.4285714285716,14.285714285714286,38.142857142857146,142.0,12.0,8.0,1.2,1.27,-0.020000000000000018,62.04
5388.0,21.0,67.0,5253.857142857143,57.857142857142854,82.14285714285714,-218.0,33.0,-17.0,1.02,0.9657142857142856,0.0,56.48
7791.0,29.0,74.0,6877.714285714285,23.0,69.28571428571429,193.0,-13.0,11.0,1.08,1.0957142857142856,0.0,62.04
52.0,3.0,3.0,58.714285714285715,2.857142857142857,1.5714285714285714,0.0,-1.0,-5.0,1.43,1.3828571428571428,0.020000000000000018,39.81
10343.0,26.0,77.0,9338.714285714286,43.42857142857143,99.14285714285714,-51.0,44.0,32.0,0.83,0.89,0.0,62.04
7321.0,136.0,76.0,7495.714285714285,106.0,88.71428571428571,-709.0,-82.0,2.0,0.94,0.8799999999999999,0.0,78.7
6146.0,71.0,71.0,6130.571428571428,48.142857142857146,63.0,382.0,-5.0,5.0,1.14,1.2042857142857142,0.0,56.48
6965.0,15.0,68.0,6336.142857142857,29.428571428571427,64.71428571428571,-704.0,0.0,-7.0,1.04,1.0614285714285716,-0.030000000000000027,75.0
5664.0,44.0,94.0,7172.0,81.42857142857143,99.14285714285714,-984.0,-5.0,-40.0,1.0,0.9500000000000001,-0.010000000000000009,65.74
2777.0,16.0,36.0,2267.285714285714,7.857142857142857,29.142857142857142,-64.0,22.0,-7.0,1.32,1.2085714285714286,0.030000000000000027,48.15
209.0,13.0,12.0,141.71428571428572,12.428571428571429,8.285714285714286,1.0,2.0,-1.0,1.01,0.7199999999999999,0.040000000000000036,62.96
4937.0,40.0,84.0,4579.428571428572,49.0,57.714285714285715,-268.0,-20.0,-21.0,1.05,1.0057142857142858,0.0,78.7
654.0,2.0,9.0,606.5714285714286,1.1428571428571428,5.571428571428571,-77.0,2.0,-3.0,0.91,0.9471428571428572,0.0,39.81
8798.0,29.0,66.0,7159.142857142857,27.714285714285715,70.0,-1368.0,-14.0,7.0,0.96,1.012857142857143,0.010000000000000009,75.0
729.0,165.0,118.0,959.2857142857143,138.71428571428572,136.85714285714286,-21.0,-27.0,6.0,0.72,0.7414285714285714,0.020000000000000018,78.7
4173.0,87.0,79.0,4390.428571428572,64.14285714285714,72.0,-473.0,-48.0,-22.0,0.98,0.9357142857142858,-0.010000000000000009,82.41
10388.0,104.0,94.0,11617.857142857143,70.14285714285714,90.85714285714286,1111.0,-15.0,-2.0,0.88,0.8742857142857142,0.030000000000000027,78.7
3934.0,48.0,58.0,3897.8571428571427,57.857142857142854,65.85714285714286,-1713.0,-23.0,-19.0,1.03,0.9728571428571428,-0.010000000000000009,82.41
655.0,2.0,7.0,644.0,1.7142857142857142,8.0,-148.0,1.0,-1.0,0.96,0.9314285714285714,0.020000000000000018,39.81
4470.0,75.0,64.0,5123.714285714285,59.0,68.85714285714286,1273.0,8.0,13.0,1.16,1.05,0.06000000000000005,56.48
4321.0,60.0,92.0,3878.4285714285716,60.285714285714285,66.71428571428571,-246.0,1.0,-20.0,0.99,0.9585714285714285,0.030000000000000027,82.41
198.0,33.0,14.0,176.57142857142858,26.571428571428573,28.142857142857142,55.0,-6.0,-1.0,0.96,1.0,-0.07999999999999996,71.3
4459.0,59.0,69.0,4866.428571428572,65.14285714285714,68.85714285714286,1126.0,-36.0,4.0,1.26,1.1185714285714285,-0.010000000000000009,56.48
3183.0,79.0,66.0,3381.5714285714284,60.142857142857146,64.57142857142857,1211.0,-7.0,6.0,1.06,1.0157142857142858,0.040000000000000036,78.7
143.0,2.0,6.0,172.71428571428572,6.571428571428571,5.571428571428571,22.0,4.0,-3.0,0.73,0.9214285714285715,0.020000000000000018,62.96
319.0,71.0,35.0,328.85714285714283,66.57142857142857,53.285714285714285,-30.0,-8.0,23.0,0.82,0.7971428571428572,-0.009999999999999898,78.7
409.0,18.0,81.0,263.85714285714283,10.142857142857142,57.57142857142857,125.0,12.0,64.0,0.84,1.0071428571428573,-0.029999999999999916,61.11
3762.0,21.0,66.0,4521.571428571428,47.857142857142854,60.857142857142854,219.0,44.0,-13.0,1.06,1.0242857142857142,0.010000000000000009,78.7
165.0,6.0,3.0,172.71428571428572,7.0,5.285714285714286,-26.0,-1.0,0.0,0.75,0.8428571428571429,0.040000000000000036,59.26
573.0,43.0,152.0,438.42857142857144,22.714285714285715,118.0,-28.0,-9.0,90.0,0.75,0.85,-0.030000000000000027,61.11
4017.0,39.0,102.0,5091.714285714285,74.71428571428571,80.71428571428571,-100.0,47.0,-31.0,0.91,0.897142857142857,0.0,82.41
5933.0,51.0,64.0,5235.142857142857,66.28571428571429,87.71428571428571,137.0,-3.0,18.0,0.99,0.9542857142857143,0.020000000000000018,65.74
1019.0,134.0,447.0,1028.857142857143,116.71428571428571,474.7142857142857,64.0,32.0,178.0,0.69,0.7328571428571429,0.0,78.7
1231.0,1.0,6.0,1021.4285714285714,1.7142857142857142,8.714285714285714,-144.0,0.0,11.0,1.29,1.26,-0.050000000000000044,50.93
223.0,4.0,6.0,185.85714285714286,1.2857142857142858,2.4285714285714284,24.0,-2.0,-3.0,1.24,1.3414285714285714,0.0,39.81
75.0,2.0,4.0,68.85714285714286,2.4285714285714284,2.0,-14.0,4.0,-3.0,1.33,1.052857142857143,0.09999999999999987,39.81
637.0,30.0,202.0,381.7142857142857,17.714285714285715,100.0,-64.0,13.0,-50.0,0.79,0.8914285714285715,-0.040000000000000036,61.11
6125.0,33.0,72.0,5830.857142857143,28.571428571428573,63.285714285714285,1250.0,13.0,2.0,1.06,1.0771428571428572,0.010000000000000009,75.0
4003.0,5.0,24.0,3466.5714285714284,11.428571428571429,36.42857142857143,576.0,2.0,35.0,1.15,1.2200000000000002,-0.029999999999999805,62.04
431.0,1.0,3.0,285.7142857142857,1.1428571428571428,4.428571428571429,-65.0,0.0,3.0,1.2,1.2514285714285713,-0.07999999999999985,39.81
636.0,2.0,11.0,619.8571428571429,1.8571428571428572,7.285714285714286,19.0,0.0,-4.0,0.93,0.9342857142857142,0.029999999999999916,39.81
887.0,123.0,137.0,930.7142857142857,123.14285714285714,121.28571428571429,-81.0,-11.0,-14.0,0.77,0.7385714285714285,0.0,78.7
4726.0,49.0,72.0,3679.5714285714284,58.714285714285715,62.42857142857143,-161.0,13.0,20.0,1.04,1.0885714285714285,-0.010000000000000009,78.7
64.0,5.0,2.0,90.71428571428571,3.5714285714285716,2.7142857142857144,18.0,-3.0,4.0,0.91,0.9542857142857143,-0.020000000000000018,59.26
4518.0,72.0,63.0,3624.5714285714284,61.0,64.0,208.0,-23.0,9.0,1.04,1.1028571428571428,0.0,78.7
176.0,28.0,9.0,176.85714285714286,20.428571428571427,10.428571428571429,-45.0,-8.0,-4.0,0.48,0.6585714285714285,0.040000000000000036,71.3
5585.0,23.0,73.0,4894.571428571428,65.42857142857143,69.71428571428571,-1017.0,4.0,-21.0,1.25,1.1514285714285715,-0.030000000000000027,56.48
227.0,52.0,52.0,270.2857142857143,51.142857142857146,39.57142857142857,43.0,-24.0,-25.0,0.8,0.7971428571428572,0.039999999999999925,71.3
4680.0,39.0,54.0,6656.857142857143,82.85714285714286,94.14285714285714,-13.0,59.0,20.0,0.99,0.9671428571428571,-0.010000000000000009,65.74
655.0,66.0,75.0,741.4285714285714,113.0,107.42857142857143,-255.0,-23.0,-10.0,0.75,0.7457142857142857,-0.020000000000000018,78.7
952.0,101.0,260.0,1007.5714285714286,143.28571428571428,449.2857142857143,-175.0,133.0,32.0,0.79,0.7314285714285714,0.020000000000000018,78.7
338.0,0.0,7.0,243.71428571428572,1.1428571428571428,4.285714285714286,93.0,1.0,-4.0,1.24,1.28,-0.040000000000000036,39.81
171.0,48.0,88.0,611.7142857142857,92.85714285714286,101.71428571428571,215.0,97.0,-12.0,0.72,0.75,-0.010000000000000009,78.7
107.0,3.0,11.0,137.85714285714286,4.0,4.714285714285714,-31.0,5.0,-11.0,0.98,0.8214285714285714,0.050000000000000044,59.26
7635.0,40.0,105.0,6725.0,22.285714285714285,85.71428571428571,41.0,-17.0,-49.0,1.02,1.0457142857142858,0.010000000000000009,75.0
185.0,0.0,2.0,116.71428571428571,-0.14285714285714285,0.8571428571428571,-22.0,0.0,0.0,1.27,1.2328571428571429,0.010000000000000009,39.81
482.0,0.0,5.0,612.8571428571429,2.142857142857143,7.714285714285714,7.0,3.0,-1.0,1.0,0.9428571428571428,0.030000000000000027,39.81
574.0,2.0,4.0,520.5714285714286,4.285714285714286,10.428571428571429,-159.0,3.0,11.0,1.14,1.1085714285714285,0.020000000000000018,50.93
8124.0,87.0,84.0,7678.571428571428,91.71428571428571,86.0,-803.0,49.0,-8.0,0.92,0.8785714285714287,0.019999999999999907,78.7
964.0,86.0,147.0,1106.857142857143,136.57142857142858,227.71428571428572,-96.0,36.0,63.0,0.72,0.7328571428571429,0.020000000000000018,78.7
577.0,0.0,7.0,495.14285714285717,1.1428571428571428,5.0,53.0,0.0,-1.0,0.96,0.9842857142857142,-0.020000000000000018,39.81
5260.0,97.0,49.0,5817.285714285715,94.0,72.0,338.0,-56.0,20.0,0.97,0.9414285714285714,-0.030000000000000027,78.7
386.0,145.0,76.0,565.7142857142857,93.85714285714286,94.85714285714286,128.0,-61.0,8.0,0.71,0.7457142857142857,-0.020000000000000018,78.7
3834.0,28.0,67.0,4493.857142857143,39.57142857142857,61.285714285714285,459.0,28.0,23.0,1.11,1.1271428571428572,-0.020000000000000018,75.0
278.0,4.0,43.0,156.0,3.0,17.0,12.0,15.0,66.0,0.96,1.2457142857142858,-0.039999999999999925,61.11
5598.0,41.0,69.0,5672.428571428572,92.14285714285714,70.71428571428571,-844.0,9.0,17.0,0.94,0.9414285714285714,-0.039999999999999925,78.7
1159.0,93.0,454.0,875.8571428571429,71.85714285714286,302.57142857142856,-55.0,39.0,75.0,0.76,0.7300000000000001,0.0,78.7
1026.0,148.0,502.0,1017.1428571428571,134.42857142857142,540.8571428571429,-122.0,16.0,-166.0,0.72,0.7257142857142858,0.030000000000000027,78.7
823.0,3.0,17.0,863.8571428571429,2.0,8.142857142857142,447.0,0.0,-7.0,1.27,1.2742857142857142,0.020000000000000018,50.93
3981.0,65.0,53.0,4547.857142857143,43.714285714285715,60.0,1016.0,-17.0,-4.0,1.07,1.0385714285714287,0.040000000000000036,78.7
139.0,5.0,3.0,169.14285714285714,5.571428571428571,4.857142857142857,-22.0,-1.0,-1.0,0.79,0.7871428571428571,0.05999999999999994,59.26
65.0,0.0,2.0,101.42857142857143,3.5714285714285716,2.857142857142857,-1.0,5.0,0.0,0.97,0.9371428571428572,-0.05999999999999994,59.26
806.0,112.0,123.0,869.4285714285714,118.57142857142857,116.57142857142857,-151.0,8.0,-23.0,0.77,0.7385714285714285,0.0,78.7
868.0,122.0,210.0,1119.857142857143,120.57142857142857,216.0,-134.0,67.0,-22.0,0.74,0.7228571428571428,0.020000000000000018,78.7
36.0,1.0,0.0,62.0,3.0,1.4285714285714286,1.0,3.0,2.0,1.43,1.2642857142857142,-0.010000000000000009,39.81
137.0,1.0,2.0,164.42857142857142,0.5714285714285714,1.5714285714285714,77.0,-1.0,0.0,1.4,1.342857142857143,-0.06999999999999984,39.81
117.0,4.0,2.0,159.57142857142858,4.571428571428571,4.428571428571429,-2.0,0.0,-3.0,0.85,0.7714285714285714,0.07000000000000006,59.26
571.0,8.0,19.0,512.7142857142857,4.857142857142857,12.142857142857142,-61.0,-5.0,-12.0,1.21,1.147142857142857,0.08000000000000007,50.93
1174.0,94.0,196.0,1105.142857142857,138.71428571428572,243.85714285714286,-210.0,-8.0,-49.0,0.7,0.7428571428571428,0.020000000000000018,78.7
10292.0,70.0,109.0,9642.57142857143,46.857142857142854,101.42857142857143,-2190.0,-10.0,-18.0,0.83,0.8728571428571429,0.0,62.04
4341.0,65.0,83.0,3413.1428571428573,61.857142857142854,63.714285714285715,-147.0,1.0,-22.0,1.14,1.0571428571428572,0.020000000000000018,78.7
115.0,4.0,-1.0,152.57142857142858,4.857142857142857,3.857142857142857,-8.0,-1.0,12.0,0.92,0.7885714285714285,0.05999999999999994,59.26
501.0,4.0,2.0,505.0,3.4285714285714284,9.142857142857142,7.0,-4.0,1.0,1.44,1.252857142857143,-0.020000000000000018,50.93
445.0,94.0,97.0,435.14285714285717,82.57142857142857,81.42857142857143,-110.0,-25.0,-53.0,0.72,0.7157142857142856,0.040000000000000036,78.7
289.0,63.0,58.0,306.57142857142856,62.142857142857146,47.714285714285715,-44.0,-45.0,-36.0,0.81,0.8099999999999999,-0.030000000000000027,78.7
165.0,3.0,5.0,170.57142857142858,7.714285714285714,7.142857142857143,-1.0,12.0,1.0,1.3,1.0771428571428572,-0.1200000000000001,62.96
4891.0,30.0,60.0,5197.0,76.28571428571429,78.42857142857143,-874.0,9.0,42.0,0.92,0.8957142857142858,-0.010000000000000009,82.41
9810.0,114.0,83.0,11729.42857142857,66.42857142857143,86.85714285714286,578.0,-10.0,11.0,0.85,0.8814285714285715,0.030000000000000027,78.7
110.0,0.0,0.0,75.85714285714286,0.7142857142857143,0.0,81.0,5.0,29.0,1.33,1.6528571428571428,-0.08000000000000007,45.37
750.0,67.0,75.0,979.1428571428571,132.57142857142858,150.0,-21.0,98.0,43.0,0.7,0.7442857142857143,0.020000000000000018,78.7
8734.0,13.0,90.0,7287.0,24.285714285714285,80.57142857142857,164.0,-1.0,-43.0,1.03,1.0342857142857143,-0.010000000000000009,75.0
545.0,34.0,242.0,476.57142857142856,27.0,146.42857142857142,266.0,29.0,23.0,0.72,0.8157142857142857,-0.010000000000000009,78.7
4568.0,27.0,52.0,4808.571428571428,61.57142857142857,70.0,-523.0,35.0,7.0,1.22,1.18,-0.010000000000000009,56.48
9848.0,46.0,66.0,11033.142857142857,73.0,85.14285714285714,-768.0,-18.0,12.0,0.94,0.8885714285714286,-0.029999999999999916,78.7
4045.0,62.0,59.0,4825.571428571428,57.57142857142857,66.85714285714286,876.0,4.0,0.0,1.21,1.2028571428571428,0.010000000000000009,56.48
8898.0,12.0,47.0,7467.428571428572,20.285714285714285,72.28571428571429,-613.0,19.0,37.0,1.02,1.0342857142857143,-0.010000000000000009,75.0
37.0,4.0,2.0,60.142857142857146,2.7142857142857144,1.2857142857142858,15.0,-1.0,1.0,1.42,1.3285714285714287,0.010000000000000009,39.81
4350.0,56.0,62.0,4567.714285714285,64.28571428571429,71.57142857142857,-177.0,31.0,17.0,0.97,0.9271428571428572,0.010000000000000009,82.41
6845.0,12.0,58.0,5861.0,19.285714285714285,59.857142857142854,533.0,23.0,53.0,1.08,1.112857142857143,-0.010000000000000009,62.04
6466.0,89.0,76.0,6413.857142857143,98.57142857142857,77.0,-457.0,5.0,0.0,0.95,0.9314285714285714,0.010000000000000009,78.7
2544.0,16.0,25.0,2152.5714285714284,6.571428571428571,25.714285714285715,233.0,0.0,11.0,1.27,1.1914285714285715,0.050000000000000044,48.15
527.0,0.0,11.0,505.57142857142856,3.142857142857143,9.428571428571429,-65.0,6.0,-6.0,1.37,1.3242857142857143,-0.020000000000000018,50.93
253.0,27.0,13.0,174.14285714285714,26.428571428571427,26.142857142857142,-65.0,-14.0,-4.0,0.88,1.0057142857142858,0.0,71.3
884.0,93.0,507.0,1000.1428571428571,93.0,394.2857142857143,-39.0,82.0,215.0,0.75,0.7357142857142858,-0.040000000000000036,78.7
214.0,0.0,2.0,174.42857142857142,0.5714285714285714,1.4285714285714286,-9.0,1.0,3.0,1.33,1.3485714285714285,-0.07000000000000006,39.81
106.0,1.0,5.0,72.28571428571429,0.14285714285714285,1.1428571428571428,-7.0,0.0,-4.0,1.16,1.3028571428571427,0.050000000000000044,39.81
191.0,0.0,-1.0,163.0,0.14285714285714285,1.4285714285714286,-54.0,1.0,3.0,1.43,1.327142857142857,-0.030000000000000027,39.81
7430.0,15.0,73.0,7167.0,23.285714285714285,69.85714285714286,-712.0,-5.0,-18.0,0.97,0.9985714285714286,0.010000000000000009,75.0
4872.0,152.0,97.0,7010.142857142857,105.28571428571429,83.42857142857143,1214.0,-30.0,-28.0,0.92,0.9114285714285714,0.010000000000000009,78.7
11119.0,87.0,106.0,9853.285714285714,54.42857142857143,94.85714285714286,-1315.0,-37.0,11.0,0.86,0.8457142857142858,0.0,62.04
164.0,15.0,6.0,179.42857142857142,9.142857142857142,7.142857142857143,20.0,-4.0,-1.0,1.18,1.1285714285714286,-0.21999999999999997,62.96
11487.0,98.0,87.0,11371.57142857143,74.14285714285714,90.71428571428571,-1639.0,-52.0,-21.0,0.94,0.88,0.0,78.7
535.0,4.0,18.0,535.5714285714286,4.0,9.714285714285714,-27.0,1.0,-7.0,1.13,1.0385714285714287,0.010000000000000009,50.93

